Date,a,an,b,e
2023/3/1,DrA,DrB,DrC,DrD
2023/3/2,DrE,DrF,DrC,DrA
2023/3/3,DrA,DrB,DrC,DrD
2023/3/4,DrE,DrF,DrC,DrA
2023/3/5,DrA,DrB,DrC,DrD
2023/3/6,DrE,DrF,DrC,DrA
2023/3/7,DrA,DrB,DrC,DrD
2023/3/8,DrE,DrF,DrC,DrA
2023/3/9,DrA,DrB,DrC,DrD
2023/3/10,DrE,DrF,DrC,DrA
2023/3/11,DrA,DrB,DrC,DrD
2023/3/12,DrE,DrF,DrC,DrA
2023/3/13,DrA,DrB,DrC,DrD
2023/3/14,DrE,DrF,DrC,DrA
2023/3/15,DrA,DrB,DrC,DrD
2023/3/16,DrE,DrF,DrC,DrA
2023/3/17,DrA,DrB,DrC,DrD
2023/3/18,DrE,DrF,DrC,DrA
2023/3/19,DrA,DrB,DrC,DrD
2023/3/20,DrE,DrF,DrC,DrA
2023/3/21,DrA,DrB,DrC,DrD
2023/3/22,DrE,DrF,DrC,DrA
2023/3/23,DrA,DrB,DrC,DrD
2023/3/24,DrE,DrF,DrC,DrA
2023/3/25,DrA,DrB,DrC,DrD
2023/3/26,DrE,DrF,DrC,DrA
2023/3/27,DrA,DrB,DrC,DrD
2023/3/28,DrE,DrF,DrC,DrA
2023/3/29,DrA,DrB,DrC,DrD
2023/3/30,DrE,DrF,DrC,DrA
2023/3/31,DrA,DrB,DrC,DrD
